Chrom,Gene,RefAA,AAPos,AltAA
NC_000962.3,rpoB,D,3,G
NC_000962.3,rpoB,S,21,F
NC_000962.3,rpoB,N,24,D
NC_000962.3,rpoB,G,28,R
NC_000962.3,rpoB,P,30,S
NC_000962.3,rpoB,D,53,N
NC_000962.3,rpoB,E,66,K
NC_000962.3,rpoB,A,69,P
NC_000962.3,rpoB,V,77,M
NC_000962.3,rpoB,L,80,V
NC_000962.3,rpoB,P,89,L
NC_000962.3,rpoB,V,109,I
NC_000962.3,rpoB,V,113,I
NC_000962.3,rpoB,M,121,I
NC_000962.3,rpoB,E,132,D
NC_000962.3,rpoB,M,153,T
NC_000962.3,rpoB,V,170,F
NC_000962.3,rpoB,V,179,A
NC_000962.3,rpoB,S,195,R
NC_000962.3,rpoB,D,270,E
NC_000962.3,rpoB,L,314,V
NC_000962.3,rpoB,L,316,V
NC_000962.3,rpoB,A,334,D
NC_000962.3,rpoB,H,343,Q
NC_000962.3,rpoB,T,350,I
NC_000962.3,rpoB,P,358,L
NC_000962.3,rpoB,V,359,A
NC_000962.3,rpoB,D,362,H
NC_000962.3,rpoB,S,388,L
NC_000962.3,rpoB,M,390,T
NC_000962.3,rpoB,L,430,P
NC_000962.3,rpoB,S,431,T
NC_000962.3,rpoB,Q,432,K
NC_000962.3,rpoB,Q,432,L
NC_000962.3,rpoB,Q,432,P
NC_000962.3,rpoB,M,434,I
NC_000962.3,rpoB,D,435,A
NC_000962.3,rpoB,D,435,F
NC_000962.3,rpoB,D,435,G
NC_000962.3,rpoB,D,435,N
NC_000962.3,rpoB,D,435,V
NC_000962.3,rpoB,D,435,Y
NC_000962.3,rpoB,S,441,L
NC_000962.3,rpoB,S,441,Q
NC_000962.3,rpoB,L,443,F
NC_000962.3,rpoB,H,445,C
NC_000962.3,rpoB,H,445,D
NC_000962.3,rpoB,H,445,F
NC_000962.3,rpoB,H,445,G
NC_000962.3,rpoB,H,445,L
NC_000962.3,rpoB,H,445,N
NC_000962.3,rpoB,H,445,P
NC_000962.3,rpoB,H,445,R
NC_000962.3,rpoB,H,445,Y
NC_000962.3,rpoB,S,450,F
NC_000962.3,rpoB,S,450,L
NC_000962.3,rpoB,S,450,Q
NC_000962.3,rpoB,S,450,W
NC_000962.3,rpoB,S,450,Y
NC_000962.3,rpoB,L,452,P
NC_000962.3,rpoB,P,454,L
NC_000962.3,rpoB,I,491,F
NC_000962.3,rpoB,R,511,L
NC_000962.3,rpoB,D,515,Y
NC_000962.3,rpoB,T,526,S
NC_000962.3,rpoB,A,544,V
NC_000962.3,rpoB,D,545,A
NC_000962.3,rpoB,D,545,E
NC_000962.3,rpoB,E,563,D
NC_000962.3,rpoB,D,634,G
NC_000962.3,rpoB,E,639,G
NC_000962.3,rpoB,E,639,Q
NC_000962.3,rpoB,R,661,Q
NC_000962.3,rpoB,H,674,Q
NC_000962.3,rpoB,T,676,P
NC_000962.3,rpoB,P,682,T
NC_000962.3,rpoB,V,695,L
NC_000962.3,rpoB,E,825,G
NC_000962.3,rpoB,P,834,L
NC_000962.3,rpoB,D,851,G
NC_000962.3,rpoB,A,857,T
NC_000962.3,rpoB,G,890,D
NC_000962.3,rpoB,L,893,R
NC_000962.3,rpoB,K,944,E
NC_000962.3,rpoB,G,981,D
NC_000962.3,rpoB,A,998,V
NC_000962.3,rpoB,V,1117,L
NC_000962.3,rpoB,S,1124,A
NC_000962.3,rpoB,V,1129,A
NC_000962.3,rpoB,E,1169,A
NC_000962.3,fabG1,E,7,K
NC_000962.3,fabG1,N,24,S
NC_000962.3,fabG1,P,81,A
NC_000962.3,fabG1,S,126,N
NC_000962.3,fabG1,L,203,L
NC_000962.3,fabG1,A,215,T
NC_000962.3,inhA,I,21,T
NC_000962.3,inhA,V,78,A
NC_000962.3,inhA,S,94,A
NC_000962.3,inhA,P,107,S
NC_000962.3,inhA,G,141,R
NC_000962.3,inhA,G,183,R
NC_000962.3,inhA,I,194,T
NC_000962.3,inhA,I,228,V
NC_000962.3,katG,P,6,S
NC_000962.3,katG,T,12,A
NC_000962.3,katG,A,16,V
NC_000962.3,katG,V,23,L
NC_000962.3,katG,Q,36,P
NC_000962.3,katG,V,47,I
NC_000962.3,katG,V,68,G
NC_000962.3,katG,T,77,R
NC_000962.3,katG,Q,88,E
NC_000962.3,katG,W,90,R
NC_000962.3,katG,R,104,Q
NC_000962.3,katG,A,109,V
NC_000962.3,katG,G,121,S
NC_000962.3,katG,G,123,R
NC_000962.3,katG,G,124,A
NC_000962.3,katG,G,124,D
NC_000962.3,katG,G,125,D
NC_000962.3,katG,L,141,F
NC_000962.3,katG,D,142,G
NC_000962.3,katG,L,159,P
NC_000962.3,katG,A,162,V
NC_000962.3,katG,T,180,K
NC_000962.3,katG,G,182,R
NC_000962.3,katG,W,191,G
NC_000962.3,katG,W,191,R
NC_000962.3,katG,D,194,N
NC_000962.3,katG,L,205,R
NC_000962.3,katG,D,215,E
NC_000962.3,katG,P,232,R
NC_000962.3,katG,G,237,A
NC_000962.3,katG,M,257,I
NC_000962.3,katG,V,260,I
NC_000962.3,katG,A,281,T
NC_000962.3,katG,G,285,V
NC_000962.3,katG,Q,295,A
NC_000962.3,katG,G,297,V
NC_000962.3,katG,W,300,C
NC_000962.3,katG,T,308,A
NC_000962.3,katG,S,315,I
NC_000962.3,katG,S,315,N
NC_000962.3,katG,S,315,T
NC_000962.3,katG,N,323,S
NC_000962.3,katG,W,328,L
NC_000962.3,katG,E,340,D
NC_000962.3,katG,T,394,A
NC_000962.3,katG,L,398,R
NC_000962.3,katG,D,406,G
NC_000962.3,katG,P,432,T
NC_000962.3,katG,K,433,T
NC_000962.3,katG,V,445,I
NC_000962.3,katG,S,446,N
NC_000962.3,katG,R,463,L
NC_000962.3,katG,V,469,L
NC_000962.3,katG,V,473,L
NC_000962.3,katG,T,475,I
NC_000962.3,katG,A,480,S
NC_000962.3,katG,S,481,L
NC_000962.3,katG,W,505,_
NC_000962.3,katG,V,507,I
NC_000962.3,katG,P,510,A
NC_000962.3,katG,D,511,N
NC_000962.3,katG,R,519,H
NC_000962.3,katG,E,522,K
NC_000962.3,katG,E,523,D
NC_000962.3,katG,Q,525,K
NC_000962.3,katG,Q,525,S
NC_000962.3,katG,S,527,L
NC_000962.3,katG,A,532,P
NC_000962.3,katG,G,534,R
NC_000962.3,katG,K,537,E
NC_000962.3,katG,A,551,S
NC_000962.3,katG,K,557,N
NC_000962.3,katG,N,562,H
NC_000962.3,katG,A,591,T
NC_000962.3,katG,L,598,R
NC_000962.3,katG,A,606,T
NC_000962.3,katG,M,609,T
NC_000962.3,katG,A,614,E
NC_000962.3,katG,T,625,A
NC_000962.3,katG,V,633,A
NC_000962.3,katG,T,667,I
NC_000962.3,katG,L,696,Q
NC_000962.3,katG,S,700,P
NC_000962.3,katG,L,704,S
NC_000962.3,katG,V,739,M
NC_000962.3,pncA,M,1,I
NC_000962.3,pncA,M,1,L
NC_000962.3,pncA,A,3,A
NC_000962.3,pncA,A,3,E
NC_000962.3,pncA,L,4,_
NC_000962.3,pncA,L,4,F
NC_000962.3,pncA,L,4,S
NC_000962.3,pncA,L,4,V
NC_000962.3,pncA,L,4,W
NC_000962.3,pncA,I,5,F
NC_000962.3,pncA,I,5,M
NC_000962.3,pncA,I,5,N
NC_000962.3,pncA,I,5,T
NC_000962.3,pncA,I,6,F
NC_000962.3,pncA,I,6,M
NC_000962.3,pncA,I,6,T
NC_000962.3,pncA,V,7,A
NC_000962.3,pncA,V,7,D
NC_000962.3,pncA,V,7,F
NC_000962.3,pncA,V,7,G
NC_000962.3,pncA,V,7,L
NC_000962.3,pncA,D,8,A
NC_000962.3,pncA,D,8,E
NC_000962.3,pncA,D,8,G
NC_000962.3,pncA,D,8,H
NC_000962.3,pncA,D,8,N
NC_000962.3,pncA,D,8,V
NC_000962.3,pncA,D,8,Y
NC_000962.3,pncA,Q,10,_
NC_000962.3,pncA,Q,10,E
NC_000962.3,pncA,Q,10,H
NC_000962.3,pncA,Q,10,L
NC_000962.3,pncA,Q,10,P
NC_000962.3,pncA,Q,10,R
NC_000962.3,pncA,N,11,T
NC_000962.3,pncA,D,12,A
NC_000962.3,pncA,D,12,E
NC_000962.3,pncA,D,12,G
NC_000962.3,pncA,D,12,H
NC_000962.3,pncA,D,12,N
NC_000962.3,pncA,D,12,Y
NC_000962.3,pncA,F,13,I
NC_000962.3,pncA,F,13,V
NC_000962.3,pncA,F,13,Y
NC_000962.3,pncA,C,14,_
NC_000962.3,pncA,C,14,R
NC_000962.3,pncA,C,14,W
NC_000962.3,pncA,C,14,Y
NC_000962.3,pncA,E,15,_
NC_000962.3,pncA,G,16,G
NC_000962.3,pncA,G,16,R
NC_000962.3,pncA,G,16,V
NC_000962.3,pncA,G,17,C
NC_000962.3,pncA,G,17,D
NC_000962.3,pncA,G,17,S
NC_000962.3,pncA,S,18,_
NC_000962.3,pncA,S,18,L
NC_000962.3,pncA,S,18,P
NC_000962.3,pncA,S,18,T
NC_000962.3,pncA,L,19,L
NC_000962.3,pncA,L,19,P
NC_000962.3,pncA,L,19,Q
NC_000962.3,pncA,V,21,A
NC_000962.3,pncA,V,21,E
NC_000962.3,pncA,V,21,G
NC_000962.3,pncA,T,22,I
NC_000962.3,pncA,G,23,V
NC_000962.3,pncA,G,24,D
NC_000962.3,pncA,G,24,V
NC_000962.3,pncA,A,26,V
NC_000962.3,pncA,L,27,P
NC_000962.3,pncA,L,27,Q
NC_000962.3,pncA,A,28,S
NC_000962.3,pncA,R,29,C
NC_000962.3,pncA,A,30,P
NC_000962.3,pncA,A,30,S
NC_000962.3,pncA,A,30,V
NC_000962.3,pncA,I,31,F
NC_000962.3,pncA,I,31,N
NC_000962.3,pncA,I,31,T
NC_000962.3,pncA,S,32,I
NC_000962.3,pncA,S,32,N
NC_000962.3,pncA,Y,34,D
NC_000962.3,pncA,Y,34,Y
NC_000962.3,pncA,L,35,P
NC_000962.3,pncA,L,35,R
NC_000962.3,pncA,A,36,D
NC_000962.3,pncA,A,36,S
NC_000962.3,pncA,E,37,_
NC_000962.3,pncA,E,37,V
NC_000962.3,pncA,A,38,A
NC_000962.3,pncA,A,38,G
NC_000962.3,pncA,A,38,S
NC_000962.3,pncA,Y,41,_
NC_000962.3,pncA,Y,41,H
NC_000962.3,pncA,Y,41,Y
NC_000962.3,pncA,H,42,N
NC_000962.3,pncA,H,42,Q
NC_000962.3,pncA,H,43,P
NC_000962.3,pncA,H,43,Q
NC_000962.3,pncA,V,44,D
NC_000962.3,pncA,V,45,A
NC_000962.3,pncA,A,46,A
NC_000962.3,pncA,A,46,E
NC_000962.3,pncA,A,46,P
NC_000962.3,pncA,A,46,V
NC_000962.3,pncA,T,47,A
NC_000962.3,pncA,T,47,I
NC_000962.3,pncA,T,47,S
NC_000962.3,pncA,K,48,_
NC_000962.3,pncA,K,48,E
NC_000962.3,pncA,K,48,T
NC_000962.3,pncA,D,49,E
NC_000962.3,pncA,D,49,G
NC_000962.3,pncA,D,49,H
NC_000962.3,pncA,D,49,N
NC_000962.3,pncA,D,49,V
NC_000962.3,pncA,D,49,Y
NC_000962.3,pncA,F,50,F
NC_000962.3,pncA,H,51,D
NC_000962.3,pncA,H,51,L
NC_000962.3,pncA,H,51,N
NC_000962.3,pncA,H,51,Q
NC_000962.3,pncA,H,51,R
NC_000962.3,pncA,H,51,Y
NC_000962.3,pncA,I,52,T
NC_000962.3,pncA,D,53,E
NC_000962.3,pncA,P,54,L
NC_000962.3,pncA,P,54,Q
NC_000962.3,pncA,P,54,R
NC_000962.3,pncA,P,54,S
NC_000962.3,pncA,P,54,T
NC_000962.3,pncA,G,55,C
NC_000962.3,pncA,D,56,D
NC_000962.3,pncA,H,57,D
NC_000962.3,pncA,H,57,L
NC_000962.3,pncA,H,57,N
NC_000962.3,pncA,H,57,P
NC_000962.3,pncA,H,57,Q
NC_000962.3,pncA,H,57,R
NC_000962.3,pncA,H,57,Y
NC_000962.3,pncA,F,58,I
NC_000962.3,pncA,F,58,L
NC_000962.3,pncA,F,58,S
NC_000962.3,pncA,S,59,F
NC_000962.3,pncA,S,59,P
NC_000962.3,pncA,P,62,A
NC_000962.3,pncA,P,62,L
NC_000962.3,pncA,P,62,P
NC_000962.3,pncA,P,62,Q
NC_000962.3,pncA,P,62,R
NC_000962.3,pncA,P,62,S
NC_000962.3,pncA,D,63,A
NC_000962.3,pncA,D,63,E
NC_000962.3,pncA,D,63,G
NC_000962.3,pncA,D,63,H
NC_000962.3,pncA,D,63,Y
NC_000962.3,pncA,Y,64,_
NC_000962.3,pncA,Y,64,D
NC_000962.3,pncA,S,65,F
NC_000962.3,pncA,S,65,P
NC_000962.3,pncA,S,66,_
NC_000962.3,pncA,S,66,L
NC_000962.3,pncA,S,66,P
NC_000962.3,pncA,S,67,_
NC_000962.3,pncA,S,67,P
NC_000962.3,pncA,W,68,_
NC_000962.3,pncA,W,68,C
NC_000962.3,pncA,W,68,G
NC_000962.3,pncA,W,68,L
NC_000962.3,pncA,W,68,R
NC_000962.3,pncA,P,69,L
NC_000962.3,pncA,P,69,Q
NC_000962.3,pncA,P,69,S
NC_000962.3,pncA,P,70,A
NC_000962.3,pncA,P,70,S
NC_000962.3,pncA,H,71,D
NC_000962.3,pncA,H,71,H
NC_000962.3,pncA,H,71,L
NC_000962.3,pncA,H,71,N
NC_000962.3,pncA,H,71,Q
NC_000962.3,pncA,H,71,R
NC_000962.3,pncA,H,71,Y
NC_000962.3,pncA,C,72,_
NC_000962.3,pncA,C,72,F
NC_000962.3,pncA,C,72,R
NC_000962.3,pncA,C,72,W
NC_000962.3,pncA,C,72,Y
NC_000962.3,pncA,G,75,V
NC_000962.3,pncA,T,76,I
NC_000962.3,pncA,T,76,P
NC_000962.3,pncA,T,76,S
NC_000962.3,pncA,P,77,L
NC_000962.3,pncA,P,77,S
NC_000962.3,pncA,G,78,C
NC_000962.3,pncA,G,78,D
NC_000962.3,pncA,G,78,V
NC_000962.3,pncA,A,79,A
NC_000962.3,pncA,A,79,P
NC_000962.3,pncA,A,79,T
NC_000962.3,pncA,D,80,H
NC_000962.3,pncA,F,81,S
NC_000962.3,pncA,F,81,V
NC_000962.3,pncA,H,82,D
NC_000962.3,pncA,H,82,L
NC_000962.3,pncA,H,82,R
NC_000962.3,pncA,L,85,P
NC_000962.3,pncA,L,85,Q
NC_000962.3,pncA,L,85,R
NC_000962.3,pncA,D,86,V
NC_000962.3,pncA,T,87,M
NC_000962.3,pncA,S,88,_
NC_000962.3,pncA,S,88,T
NC_000962.3,pncA,A,89,V
NC_000962.3,pncA,E,91,_
NC_000962.3,pncA,A,92,E
NC_000962.3,pncA,V,93,E
NC_000962.3,pncA,V,93,L
NC_000962.3,pncA,F,94,C
NC_000962.3,pncA,F,94,F
NC_000962.3,pncA,F,94,L
NC_000962.3,pncA,F,94,S
NC_000962.3,pncA,Y,95,_
NC_000962.3,pncA,K,96,_
NC_000962.3,pncA,K,96,E
NC_000962.3,pncA,K,96,M
NC_000962.3,pncA,K,96,N
NC_000962.3,pncA,K,96,Q
NC_000962.3,pncA,K,96,R
NC_000962.3,pncA,K,96,T
NC_000962.3,pncA,G,97,C
NC_000962.3,pncA,G,97,D
NC_000962.3,pncA,G,97,R
NC_000962.3,pncA,G,97,S
NC_000962.3,pncA,Y,99,_
NC_000962.3,pncA,G,101,_
NC_000962.3,pncA,G,101,E
NC_000962.3,pncA,A,102,P
NC_000962.3,pncA,Y,103,_
NC_000962.3,pncA,Y,103,H
NC_000962.3,pncA,S,104,C
NC_000962.3,pncA,S,104,G
NC_000962.3,pncA,S,104,R
NC_000962.3,pncA,G,105,D
NC_000962.3,pncA,G,105,R
NC_000962.3,pncA,G,105,V
NC_000962.3,pncA,F,106,S
NC_000962.3,pncA,F,106,Y
NC_000962.3,pncA,E,107,E
NC_000962.3,pncA,G,108,_
NC_000962.3,pncA,G,108,E
NC_000962.3,pncA,G,108,R
NC_000962.3,pncA,V,109,L
NC_000962.3,pncA,D,110,E
NC_000962.3,pncA,D,110,H
NC_000962.3,pncA,D,110,N
NC_000962.3,pncA,E,111,_
NC_000962.3,pncA,N,112,S
NC_000962.3,pncA,T,114,A
NC_000962.3,pncA,T,114,M
NC_000962.3,pncA,T,114,P
NC_000962.3,pncA,T,114,T
NC_000962.3,pncA,P,115,A
NC_000962.3,pncA,P,115,R
NC_000962.3,pncA,L,116,P
NC_000962.3,pncA,L,116,Q
NC_000962.3,pncA,L,116,R
NC_000962.3,pncA,L,117,Q
NC_000962.3,pncA,N,118,N
NC_000962.3,pncA,N,118,Y
NC_000962.3,pncA,W,119,_
NC_000962.3,pncA,W,119,G
NC_000962.3,pncA,W,119,L
NC_000962.3,pncA,W,119,R
NC_000962.3,pncA,L,120,P
NC_000962.3,pncA,L,120,Q
NC_000962.3,pncA,R,121,Q
NC_000962.3,pncA,Q,122,_
NC_000962.3,pncA,Q,122,K
NC_000962.3,pncA,Q,122,Q
NC_000962.3,pncA,R,123,P
NC_000962.3,pncA,R,123,S
NC_000962.3,pncA,G,124,S
NC_000962.3,pncA,V,125,A
NC_000962.3,pncA,V,125,D
NC_000962.3,pncA,V,125,F
NC_000962.3,pncA,V,125,G
NC_000962.3,pncA,V,125,V
NC_000962.3,pncA,E,127,_
NC_000962.3,pncA,E,127,D
NC_000962.3,pncA,V,128,A
NC_000962.3,pncA,V,128,D
NC_000962.3,pncA,V,128,G
NC_000962.3,pncA,D,129,E
NC_000962.3,pncA,D,129,N
NC_000962.3,pncA,V,130,E
NC_000962.3,pncA,V,131,D
NC_000962.3,pncA,V,131,F
NC_000962.3,pncA,V,131,I
NC_000962.3,pncA,G,132,A
NC_000962.3,pncA,G,132,C
NC_000962.3,pncA,G,132,D
NC_000962.3,pncA,G,132,R
NC_000962.3,pncA,G,132,S
NC_000962.3,pncA,G,132,V
NC_000962.3,pncA,I,133,F
NC_000962.3,pncA,I,133,N
NC_000962.3,pncA,I,133,T
NC_000962.3,pncA,A,134,D
NC_000962.3,pncA,A,134,P
NC_000962.3,pncA,A,134,V
NC_000962.3,pncA,T,135,I
NC_000962.3,pncA,T,135,N
NC_000962.3,pncA,T,135,P
NC_000962.3,pncA,T,135,S
NC_000962.3,pncA,D,136,H
NC_000962.3,pncA,D,136,N
NC_000962.3,pncA,D,136,V
NC_000962.3,pncA,D,136,Y
NC_000962.3,pncA,H,137,D
NC_000962.3,pncA,H,137,P
NC_000962.3,pncA,H,137,R
NC_000962.3,pncA,C,138,_
NC_000962.3,pncA,C,138,F
NC_000962.3,pncA,C,138,G
NC_000962.3,pncA,C,138,R
NC_000962.3,pncA,C,138,S
NC_000962.3,pncA,C,138,Y
NC_000962.3,pncA,V,139,A
NC_000962.3,pncA,V,139,E
NC_000962.3,pncA,V,139,G
NC_000962.3,pncA,V,139,L
NC_000962.3,pncA,V,139,M
NC_000962.3,pncA,R,140,P
NC_000962.3,pncA,Q,141,_
NC_000962.3,pncA,Q,141,P
NC_000962.3,pncA,T,142,A
NC_000962.3,pncA,T,142,K
NC_000962.3,pncA,T,142,M
NC_000962.3,pncA,T,142,R
NC_000962.3,pncA,T,142,T
NC_000962.3,pncA,A,143,D
NC_000962.3,pncA,A,143,V
NC_000962.3,pncA,E,144,_
NC_000962.3,pncA,D,145,E
NC_000962.3,pncA,A,146,E
NC_000962.3,pncA,A,146,S
NC_000962.3,pncA,A,146,T
NC_000962.3,pncA,A,146,V
NC_000962.3,pncA,V,147,A
NC_000962.3,pncA,N,149,I
NC_000962.3,pncA,N,149,Y
NC_000962.3,pncA,G,150,G
NC_000962.3,pncA,L,151,_
NC_000962.3,pncA,L,151,S
NC_000962.3,pncA,A,152,V
NC_000962.3,pncA,T,153,N
NC_000962.3,pncA,R,154,M
NC_000962.3,pncA,V,155,E
NC_000962.3,pncA,V,155,G
NC_000962.3,pncA,V,155,M
NC_000962.3,pncA,L,156,P
NC_000962.3,pncA,L,156,R
NC_000962.3,pncA,D,158,G
NC_000962.3,pncA,L,159,P
NC_000962.3,pncA,L,159,Q
NC_000962.3,pncA,L,159,V
NC_000962.3,pncA,T,160,K
NC_000962.3,pncA,T,160,P
NC_000962.3,pncA,T,160,R
NC_000962.3,pncA,A,161,P
NC_000962.3,pncA,G,162,A
NC_000962.3,pncA,G,162,D
NC_000962.3,pncA,G,162,V
NC_000962.3,pncA,V,163,E
NC_000962.3,pncA,V,163,G
NC_000962.3,pncA,S,164,_
NC_000962.3,pncA,S,164,P
NC_000962.3,pncA,S,164,S
NC_000962.3,pncA,S,164,T
NC_000962.3,pncA,A,165,D
NC_000962.3,pncA,D,166,V
NC_000962.3,pncA,T,168,I
NC_000962.3,pncA,T,168,P
NC_000962.3,pncA,T,168,S
NC_000962.3,pncA,A,170,S
NC_000962.3,pncA,A,170,V
NC_000962.3,pncA,A,171,A
NC_000962.3,pncA,A,171,E
NC_000962.3,pncA,A,171,T
NC_000962.3,pncA,L,172,P
NC_000962.3,pncA,E,173,_
NC_000962.3,pncA,E,173,G
NC_000962.3,pncA,E,174,G
NC_000962.3,pncA,E,174,K
NC_000962.3,pncA,M,175,I
NC_000962.3,pncA,M,175,K
NC_000962.3,pncA,M,175,T
NC_000962.3,pncA,M,175,V
NC_000962.3,pncA,R,176,P
NC_000962.3,pncA,T,177,T
NC_000962.3,pncA,S,179,N
NC_000962.3,pncA,V,180,D
NC_000962.3,pncA,V,180,F
NC_000962.3,pncA,V,180,G
NC_000962.3,pncA,E,181,_
NC_000962.3,pncA,E,181,K
NC_000962.3,pncA,L,182,S
NC_000962.3,pncA,V,183,D
NC_000962.3,pncA,V,183,L
NC_000962.3,pncA,V,183,V
NC_000962.3,pncA,C,184,R
NC_000962.3,pncA,S,186,F
NC_000962.3,pncA,M,187,_
NC_000962.3,ahpC,Y,34,C
NC_000962.3,ahpC,P,44,R
NC_000962.3,ahpC,G,45,S
NC_000962.3,ahpC,P,62,H
NC_000962.3,ahpC,T,105,M
NC_000962.3,ahpC,A,122,T
NC_000962.3,ahpC,V,158,F
NC_000962.3,ahpC,E,160,K
NC_000962.3,ahpC,D,182,G
NC_000962.3,ahpC,A,187,P
NC_000962.3,ahpC,L,191,F
NC_000962.3,ahpC,K,192,N
NC_000962.3,ahpC,A,195,S
NC_000962.3,embC,R,9,H
NC_000962.3,embC,S,18,F
NC_000962.3,embC,I,28,V
NC_000962.3,embC,A,33,T
NC_000962.3,embC,A,46,V
NC_000962.3,embC,Q,54,H
NC_000962.3,embC,F,67,V
NC_000962.3,embC,G,101,A
NC_000962.3,embC,V,104,M
NC_000962.3,embC,A,116,T
NC_000962.3,embC,N,127,S
NC_000962.3,embC,N,176,K
NC_000962.3,embC,P,210,S
NC_000962.3,embC,S,213,N
NC_000962.3,embC,V,218,A
NC_000962.3,embC,R,221,C
NC_000962.3,embC,S,225,R
NC_000962.3,embC,A,232,V
NC_000962.3,embC,M,234,L
NC_000962.3,embC,L,236,P
NC_000962.3,embC,G,237,A
NC_000962.3,embC,L,240,P
NC_000962.3,embC,D,252,H
NC_000962.3,embC,T,270,I
NC_000962.3,embC,F,286,L
NC_000962.3,embC,V,303,L
NC_000962.3,embC,A,307,T
NC_000962.3,embC,D,329,N
NC_000962.3,embC,V,337,I
NC_000962.3,embC,C,355,F
NC_000962.3,embC,V,363,I
NC_000962.3,embC,H,369,R
NC_000962.3,embC,G,383,D
NC_000962.3,embC,N,394,D
NC_000962.3,embC,C,411,R
NC_000962.3,embC,L,434,F
NC_000962.3,embC,I,459,V
NC_000962.3,embC,L,460,R
NC_000962.3,embC,P,486,T
NC_000962.3,embC,D,490,G
NC_000962.3,embC,Q,491,H
NC_000962.3,embC,I,497,M
NC_000962.3,embC,K,511,N
NC_000962.3,embC,P,558,R
NC_000962.3,embC,R,567,H
NC_000962.3,embC,I,573,T
NC_000962.3,embC,A,597,T
NC_000962.3,embC,A,611,T
NC_000962.3,embC,K,656,N
NC_000962.3,embC,R,695,W
NC_000962.3,embC,A,711,T
NC_000962.3,embC,T,712,A
NC_000962.3,embC,M,727,V
NC_000962.3,embC,Q,730,H
NC_000962.3,embC,P,732,A
NC_000962.3,embC,R,738,Q
NC_000962.3,embC,R,738,W
NC_000962.3,embC,Q,742,H
NC_000962.3,embC,G,764,V
NC_000962.3,embC,A,774,S
NC_000962.3,embC,D,775,N
NC_000962.3,embC,T,786,A
NC_000962.3,embC,P,791,T
NC_000962.3,embC,G,817,D
NC_000962.3,embC,G,831,R
NC_000962.3,embC,G,857,S
NC_000962.3,embC,P,861,L
NC_000962.3,embC,R,877,W
NC_000962.3,embC,A,887,T
NC_000962.3,embC,G,909,E
NC_000962.3,embC,H,910,N
NC_000962.3,embC,A,925,T
NC_000962.3,embC,R,927,H
NC_000962.3,embC,I,936,V
NC_000962.3,embC,A,940,S
NC_000962.3,embC,T,941,A
NC_000962.3,embC,D,948,N
NC_000962.3,embC,V,981,L
NC_000962.3,embC,F,982,I
NC_000962.3,embC,M,1040,T
NC_000962.3,embC,T,1044,M
NC_000962.3,embC,T,1044,P
NC_000962.3,embC,A,1046,S
NC_000962.3,embC,Q,1061,H
NC_000962.3,embC,P,1065,L
NC_000962.3,embC,A,1073,T
NC_000962.3,embC,T,1079,A
NC_000962.3,embA,E,7,K
NC_000962.3,embA,S,20,A
NC_000962.3,embA,S,20,P
NC_000962.3,embA,G,21,R
NC_000962.3,embA,V,31,A
NC_000962.3,embA,P,35,Q
NC_000962.3,embA,S,49,R
NC_000962.3,embA,S,49,T
NC_000962.3,embA,N,54,S
NC_000962.3,embA,T,56,P
NC_000962.3,embA,Q,57,E
NC_000962.3,embA,P,75,L
NC_000962.3,embA,S,77,P
NC_000962.3,embA,A,109,T
NC_000962.3,embA,T,113,R
NC_000962.3,embA,M,153,T
NC_000962.3,embA,G,154,S
NC_000962.3,embA,G,157,C
NC_000962.3,embA,T,161,I
NC_000962.3,embA,K,166,N
NC_000962.3,embA,D,176,A
NC_000962.3,embA,I,191,V
NC_000962.3,embA,A,201,T
NC_000962.3,embA,V,206,M
NC_000962.3,embA,L,215,M
NC_000962.3,embA,L,215,P
NC_000962.3,embA,L,233,M
NC_000962.3,embA,T,238,N
NC_000962.3,embA,T,238,S
NC_000962.3,embA,A,255,V
NC_000962.3,embA,L,263,F
NC_000962.3,embA,L,263,P
NC_000962.3,embA,Y,296,H
NC_000962.3,embA,W,306,R
NC_000962.3,embA,Y,307,H
NC_000962.3,embA,T,308,A
NC_000962.3,embA,A,312,V
NC_000962.3,embA,L,314,P
NC_000962.3,embA,P,327,H
NC_000962.3,embA,P,327,L
NC_000962.3,embA,A,331,P
NC_000962.3,embA,C,335,W
NC_000962.3,embA,G,352,S
NC_000962.3,embA,T,363,I
NC_000962.3,embA,L,373,P
NC_000962.3,embA,V,391,I
NC_000962.3,embA,V,414,M
NC_000962.3,embA,A,428,V
NC_000962.3,embA,A,438,V
NC_000962.3,embA,A,460,T
NC_000962.3,embA,T,478,A
NC_000962.3,embA,A,545,P
NC_000962.3,embA,A,576,T
NC_000962.3,embA,A,586,T
NC_000962.3,embA,T,591,A
NC_000962.3,embA,T,591,P
NC_000962.3,embA,I,595,V
NC_000962.3,embA,G,596,S
NC_000962.3,embA,T,608,N
NC_000962.3,embA,L,659,F
NC_000962.3,embA,H,665,R
NC_000962.3,embA,H,665,Y
NC_000962.3,embA,H,673,R
NC_000962.3,embA,D,678,N
NC_000962.3,embA,R,683,L
NC_000962.3,embA,P,689,L
NC_000962.3,embA,M,697,V
NC_000962.3,embA,V,698,A
NC_000962.3,embA,V,698,I
NC_000962.3,embA,T,728,I
NC_000962.3,embA,A,734,T
NC_000962.3,embA,D,761,G
NC_000962.3,embA,K,773,N
NC_000962.3,embA,D,784,N
NC_000962.3,embA,A,852,S
NC_000962.3,embA,A,852,V
NC_000962.3,embA,P,860,L
NC_000962.3,embA,D,865,N
NC_000962.3,embA,G,884,D
NC_000962.3,embA,P,901,L
NC_000962.3,embA,V,911,I
NC_000962.3,embA,P,913,S
NC_000962.3,embA,E,951,D
NC_000962.3,embA,T,983,A
NC_000962.3,embA,Q,1004,P
NC_000962.3,embA,L,1008,P
NC_000962.3,embA,A,1015,T
NC_000962.3,embA,A,1016,S
NC_000962.3,embA,S,1017,A
NC_000962.3,embA,W,1050,G
NC_000962.3,embA,D,1053,G
NC_000962.3,embA,V,1078,M
NC_000962.3,embA,G,1085,S
NC_000962.3,embA,P,1094,S
NC_000962.3,embB,R,7,T
NC_000962.3,embB,N,13,S
NC_000962.3,embB,R,14,Q
NC_000962.3,embB,I,16,L
NC_000962.3,embB,G,37,S
NC_000962.3,embB,Q,51,P
NC_000962.3,embB,G,62,R
NC_000962.3,embB,V,67,L
NC_000962.3,embB,D,78,E
NC_000962.3,embB,D,78,G
NC_000962.3,embB,D,86,N
NC_000962.3,embB,M,91,I
NC_000962.3,embB,P,93,L
NC_000962.3,embB,G,100,S
NC_000962.3,embB,P,103,T
NC_000962.3,embB,K,107,R
NC_000962.3,embB,S,119,N
NC_000962.3,embB,V,131,M
NC_000962.3,embB,V,135,M
NC_000962.3,embB,Q,139,H
NC_000962.3,embB,R,147,C
NC_000962.3,embB,F,161,L
NC_000962.3,embB,R,182,C
NC_000962.3,embB,V,188,A
NC_000962.3,embB,S,203,L
NC_000962.3,embB,T,208,I
NC_000962.3,embB,A,221,T
NC_000962.3,embB,V,230,A
NC_000962.3,embB,V,231,I
NC_000962.3,embB,G,246,R
NC_000962.3,embB,L,253,I
NC_000962.3,embB,A,259,V
NC_000962.3,embB,G,263,R
NC_000962.3,embB,W,273,L
NC_000962.3,embB,V,283,M
NC_000962.3,embB,F,285,L
NC_000962.3,embB,G,305,C
NC_000962.3,embB,M,306,I
NC_000962.3,embB,M,306,L
NC_000962.3,embB,M,306,V
NC_000962.3,embB,D,311,A
NC_000962.3,embB,S,317,F
NC_000962.3,embB,D,328,H
NC_000962.3,embB,D,328,Y
NC_000962.3,embB,W,332,R
NC_000962.3,embB,M,340,I
NC_000962.3,embB,T,341,A
NC_000962.3,embB,T,341,I
NC_000962.3,embB,T,341,N
NC_000962.3,embB,H,342,N
NC_000962.3,embB,S,344,R
NC_000962.3,embB,L,348,P
NC_000962.3,embB,M,350,T
NC_000962.3,embB,D,354,A
NC_000962.3,embB,D,354,G
NC_000962.3,embB,C,361,S
NC_000962.3,embB,L,370,R
NC_000962.3,embB,P,375,S
NC_000962.3,embB,E,378,A
NC_000962.3,embB,A,386,E
NC_000962.3,embB,A,388,V
NC_000962.3,embB,N,400,S
NC_000962.3,embB,G,406,A
NC_000962.3,embB,G,406,D
NC_000962.3,embB,G,406,S
NC_000962.3,embB,S,422,P
NC_000962.3,embB,P,430,L
NC_000962.3,embB,A,438,T
NC_000962.3,embB,Q,445,R
NC_000962.3,embB,A,454,T
NC_000962.3,embB,M,462,L
NC_000962.3,embB,M,462,T
NC_000962.3,embB,Q,497,K
NC_000962.3,embB,Q,497,P
NC_000962.3,embB,Q,497,R
NC_000962.3,embB,T,498,N
NC_000962.3,embB,E,504,D
NC_000962.3,embB,A,510,T
NC_000962.3,embB,T,546,A
NC_000962.3,embB,A,547,S
NC_000962.3,embB,M,557,I
NC_000962.3,embB,K,561,R
NC_000962.3,embB,S,565,G
NC_000962.3,embB,V,566,M
NC_000962.3,embB,V,602,A
NC_000962.3,embB,V,602,I
NC_000962.3,embB,G,603,R
NC_000962.3,embB,R,620,C
NC_000962.3,embB,F,628,S
NC_000962.3,embB,L,638,F
NC_000962.3,embB,P,655,Q
NC_000962.3,embB,N,657,D
NC_000962.3,embB,S,658,N
NC_000962.3,embB,S,658,R
NC_000962.3,embB,G,665,R
NC_000962.3,embB,V,668,I
NC_000962.3,embB,F,676,S
NC_000962.3,embB,A,680,T
NC_000962.3,embB,A,683,V
NC_000962.3,embB,L,686,P
NC_000962.3,embB,A,693,T
NC_000962.3,embB,G,694,S
NC_000962.3,embB,A,701,T
NC_000962.3,embB,P,731,L
NC_000962.3,embB,G,748,E
NC_000962.3,embB,P,776,L
NC_000962.3,embB,T,797,M
NC_000962.3,embB,K,820,T
NC_000962.3,embB,S,823,R
NC_000962.3,embB,G,836,R
NC_000962.3,embB,A,840,P
NC_000962.3,embB,Q,853,P
NC_000962.3,embB,A,861,T
NC_000962.3,embB,D,869,H
NC_000962.3,embB,D,870,N
NC_000962.3,embB,K,882,T
NC_000962.3,embB,A,913,V
NC_000962.3,embB,R,930,H
NC_000962.3,embB,A,950,V
NC_000962.3,embB,E,951,Q
NC_000962.3,embB,L,971,M
NC_000962.3,embB,H,1002,R
NC_000962.3,embB,N,1004,T
NC_000962.3,embB,I,1006,M
NC_000962.3,embB,F,1012,L
NC_000962.3,embB,D,1024,N
NC_000962.3,embB,N,1033,K
NC_000962.3,embB,L,1037,I
NC_000962.3,embB,V,1048,I
NC_000962.3,embB,M,1049,I
NC_000962.3,embB,S,1054,P
NC_000962.3,embB,D,1056,E
NC_000962.3,embB,R,1059,P
NC_000962.3,embB,T,1069,P
NC_000962.3,embB,V,1071,F
NC_000962.3,embB,T,1082,A
NC_000962.3,embB,G,1097,S
