gene,AAPos=,RefAA=,AltAA=,name
PfCRT,72,C,S,C72S
PfCRT,74,M,I,M74I
PfCRT,75,N,E,N75E
PfCRT,76,K,T,K76T
PfCRT,220,A,S,A220S
PfCRT,271,Q,E,Q271E
PfCRT,326,N,S,N326S
PfCRT,356,I,T,I356T
PfCRT,350,C,S,C350S
PfCRT,371,R,I,R371I
PfMDR1,86,N,Y,N86Y
PfMDR1,184,Y,F,Y184F
PfMDR1,103,S,C,S1034C
PfMDR1,1042,N,D,N1042D
PfMDR1,1246,D,Y,D1246Y
CYTOb,258,I,M,I258M
CYTOb,268,Y,S,Y268S
CYTOb,268,Y,C,Y268C
PfK13,441,P,L,P441L
PfK13,446,F,I,F446I
PfK13,449,G,A,G449A
PfK13,458,N,Y,N458Y
PfK13,476,M,I,M476I
PfK13,469,C,Y,C469Y
PfK13,481,A,V,A481V
PfK13,493,Y,H,Y493H
PfK13,533,S,C,S533C
PfK13,537,N,I,N537I
PfK13,538,G,V,G538V
PfK13,539,R,T,R539T
PfK13,543,I,T,I543T
PfK13,553,P,L,P553L
PfK13,561,R,H,R561H
PfK13,568,V,G,V568G
PfK13,574,P,L,P574L
PfK13,578,A,S,A578S
PfK13,580,C,Y,C580Y
PfK13,584,D,V,D584V
PfK13,675,A,V,A675V
PfDHPS,436,S,A,S436A
PfDHPS,436,S,F,S436F
PfDHPS,437,A,G,A437G
PfDHPS,540,K,E,K540E
PfDHPS,581,A,G,A581G
PfDHPS,613,A,S,A613S
PfDHPS,613,A,T,A613T
PfDHFR,51,N,I,N51I
PfDHFR,59,C,R,C59R
PfDHFR,108,S,N,S108N